"OFFICE_ID","DESCRIPTION","LONGITUDE_X","LATUTUDE_Y"
"E02000003","Barking and Dagenham 002",0.139626,51.572151
"E02000008","Barking and Dagenham 007",0.134976,51.552667
"E02000009","Barking and Dagenham 008",0.119114,51.551552
"E02000012","Barking and Dagenham 011",0.099766,51.543941
"E02000020","Barking and Dagenham 019",0.094359,51.532680
"E02000024","Barnet 001",-0.203788,51.654213
"E02000036","Barnet 013",-0.263668,51.622822
"E02000038","Barnet 015",-0.155016,51.614555
"E02000042","Barnet 019",-0.178093,51.612137
"E02000045","Barnet 022",-0.148740,51.605140
"E02000047","Barnet 024",-0.263428,51.603368
"E02000048","Barnet 025",-0.212703,51.602139
"E02000050","Barnet 027",-0.176243,51.600274
"E02000052","Barnet 029",-0.169728,51.592088
"E02000053","Barnet 030",-0.248829,51.592845
"E02000055","Barnet 032",-0.222770,51.588020
"E02000058","Barnet 035",-0.197824,51.582568
"E02000059","Barnet 036",-0.241552,51.579778
"E02000060","Barnet 037",-0.208141,51.577528
"E02000072","Bexley 008",0.187000,51.472471
"E02000073","Bexley 009",0.125857,51.472148
"E02000080","Bexley 016",0.103420,51.459584
"E02000083","Bexley 019",0.183073,51.452354
"E02000084","Bexley 020",0.129116,51.452466
"E02000093","Brent 001",-0.273971,51.593829
"E02000107","Brent 015",-0.219082,51.556086
"E02000109","Brent 017",-0.278328,51.553409
"E02000111","Brent 019",-0.303163,51.551613
"E02000112","Brent 020",-0.287143,51.551839
"E02000114","Brent 022",-0.229382,51.547537
"E02000117","Brent 025",-0.250235,51.544226
"E02000121","Brent 029",-0.297963,51.542141
"E02000123","Brent 031",-0.246177,51.536486
"E02000131","Bromley 005",-0.070877,51.416368
"E02000132","Bromley 006",-0.028353,51.413952
"E02000133","Bromley 007",0.055968,51.410173
"E02000134","Bromley 008",0.015933,51.411463
"E02000135","Bromley 009",-0.060451,51.412266
"E02000156","Bromley 030",-0.013977,51.375992
"E02000170","Camden 005",-0.199973,51.553402
"E02000172","Camden 007",-0.149453,51.549927
"E02000173","Camden 008",-0.173479,51.550034
"E02000174","Camden 009",-0.135550,51.549186
"E02000175","Camden 010",-0.191591,51.549784
"E02000177","Camden 012",-0.152921,51.546223
"E02000178","Camden 013",-0.200080,51.546678
"E02000180","Camden 015",-0.130987,51.544401
"E02000184","Camden 019",-0.136766,51.539196
"E02000185","Camden 020",-0.187526,51.538841
"E02000187","Camden 022",-0.133312,51.531974
"E02000191","Camden 026",-0.134687,51.522320
"E02000213","Croydon 020",-0.099990,51.382293
"E02000215","Croydon 022",-0.083613,51.378708
"E02000217","Croydon 024",-0.109020,51.371702
"E02000220","Croydon 027",-0.096758,51.366656
"E02000227","Croydon 034",-0.044822,51.346457
"E02000230","Croydon 037",-0.112264,51.339299
"E02000252","Ealing 015",-0.262262,51.520772
"E02000257","Ealing 020",-0.297062,51.516445
"E02000261","Ealing 024",-0.251872,51.509791
"E02000263","Ealing 026",-0.384380,51.511026
"E02000266","Ealing 029",-0.360706,51.508512
"E02000274","Ealing 037",-0.389169,51.499869
"E02000279","Enfield 003",-0.024587,51.670291
"E02000296","Enfield 020",-0.133952,51.639284
"E02000309","Enfield 033",-0.059413,51.612725
"E02000311","Enfield 035",-0.097882,51.612618
"E02000312","Enfield 036",-0.116158,51.611824
"E02000314","Greenwich 002",0.095653,51.501208
"E02000316","Greenwich 004",0.060887,51.492004
"E02000319","Greenwich 007",0.084259,51.487373
"E02000323","Greenwich 011",0.070321,51.483367
"E02000351","Hackney 007",-0.097277,51.564218
"E02000354","Hackney 010",-0.060382,51.557472
"E02000358","Hackney 014",-0.075751,51.554281
"E02000360","Hackney 016",-0.064154,51.550862
"E02000363","Hackney 019",-0.046290,51.545961
"E02000364","Hackney 020",-0.066016,51.544697
"E02000365","Hackney 021",-0.075749,51.543373
"E02000367","Hackney 023",-0.054444,51.538408
"E02000368","Hackney 024",-0.067107,51.536315
"E02000369","Hackney 025",-0.079821,51.536066
"E02000370","Hackney 026",-0.090308,51.531848
"E02000371","Hackney 027",-0.082107,51.529359
"E02000411","Haringey 015",-0.060122,51.594077
"E02000445","Harrow 013",-0.330397,51.595680
"E02000480","Havering 017",0.167703,51.570170
"E02000495","Hillingdon 002",-0.415773,51.605523
"E02000508","Hillingdon 015",-0.474312,51.540169
"E02000509","Hillingdon 016",-0.482263,51.537386
"E02000515","Hillingdon 022",-0.476642,51.521774
"E02000520","Hillingdon 027",-0.418757,51.510424
"E02000521","Hillingdon 028",-0.454877,51.503424
"E02000523","Hillingdon 030",-0.424210,51.498978
"E02000528","Hounslow 003",-0.299321,51.489059
"E02000531","Hounslow 006",-0.310964,51.488167
"E02000539","Hounslow 014",-0.331264,51.473044
"E02000540","Hounslow 015",-0.349330,51.471591
"E02000542","Hounslow 017",-0.376983,51.468551
"E02000543","Hounslow 018",-0.364674,51.465296
"E02000549","Hounslow 024",-0.401385,51.449670
"E02000556","Islington 003",-0.118426,51.565693
"E02000559","Islington 006",-0.101824,51.559319
"E02000564","Islington 011",-0.114432,51.552023
"E02000567","Islington 014",-0.087838,51.545702
"E02000568","Islington 015",-0.118378,51.545881
"E02000569","Islington 016",-0.097572,51.542965
"E02000570","Islington 017",-0.109526,51.541278
"E02000573","Islington 020",-0.102259,51.534650
"E02000574","Islington 021",-0.113370,51.530981
"E02000575","Islington 022",-0.103612,51.525688
"E02000576","Islington 023",-0.093430,51.525460
"E02000601","Kingston upon Thames 004",-0.298171,51.416634
"E02000602","Kingston upon Thames 005",-0.290385,51.408679
"E02000606","Kingston upon Thames 009",-0.303398,51.400928
"E02000620","Lambeth 003",-0.113724,51.488226
"E02000621","Lambeth 004",-0.122298,51.481133
"E02000627","Lambeth 010",-0.122490,51.468394
"E02000632","Lambeth 015",-0.125284,51.461343
"E02000638","Lambeth 021",-0.124636,51.449408
"E02000646","Lambeth 029",-0.129629,51.434281
"E02000649","Lambeth 032",-0.130905,51.426649
"E02000653","Lewisham 001",-0.038105,51.489449
"E02000657","Lewisham 005",-0.032360,51.471655
"E02000664","Lewisham 012",-0.010021,51.458211
"E02000723","Newham 010",0.052556,51.543194
"E02000725","Newham 012",0.003343,51.543092
"E02000726","Newham 013",-0.005604,51.537021
"E02000731","Newham 018",0.050642,51.534307
"E02000747","Newham 034",0.017460,51.511744
"E02000750","Newham 037",0.050243,51.501993
"E02000751","Redbridge 001",0.028575,51.611975
"E02000756","Redbridge 006",0.083461,51.601220
"E02000757","Redbridge 007",0.022000,51.597601
"E02000759","Redbridge 009",0.035204,51.595151
"E02000764","Redbridge 014",0.022979,51.582260
"E02000769","Redbridge 019",0.123205,51.574977
"E02000780","Redbridge 030",0.081010,51.555823
"E02000781","Redbridge 031",0.096591,51.553953
"E02000786","Richmond upon Thames 003",-0.253662,51.468991
"E02000787","Richmond upon Thames 004",-0.284633,51.468612
"E02000798","Richmond upon Thames 015",-0.354811,51.442110
"E02000805","Richmond upon Thames 022",-0.317064,51.420288
"E02000806","Richmond upon Thames 023",-0.371041,51.417481
"E02000807","Southwark 001",-0.043865,51.503295
"E02000808","Southwark 002",-0.096129,51.502564
"E02000809","Southwark 003",-0.076210,51.500980
"E02000810","Southwark 004",-0.069400,51.497459
"E02000812","Southwark 006",-0.086093,51.497571
"E02000813","Southwark 007",-0.052335,51.497600
"E02000814","Southwark 008",-0.037266,51.496225
"E02000816","Southwark 010",-0.064390,51.490560
"E02000820","Southwark 014",-0.102617,51.488236
"E02000827","Southwark 021",-0.096866,51.476910
"E02000829","Southwark 023",-0.057419,51.473601
"E02000832","Southwark 026",-0.059430,51.464885
"E02000850","Sutton 011",-0.132209,51.367496
"E02000864","Tower Hamlets 001",-0.029442,51.534978
"E02000866","Tower Hamlets 003",-0.036135,51.530918
"E02000867","Tower Hamlets 004",-0.024407,51.530397
"E02000871","Tower Hamlets 008",-0.015440,51.525713
"E02000873","Tower Hamlets 010",-0.042362,51.525240
"E02000875","Tower Hamlets 012",-0.022018,51.522299
"E02000877","Tower Hamlets 014",-0.029184,51.519605
"E02000878","Tower Hamlets 015",-0.070312,51.518832
"E02000884","Tower Hamlets 021",-0.065366,51.514111
"E02000887","Tower Hamlets 024",-0.022336,51.511306
"E02000888","Tower Hamlets 025",-0.051807,51.510658
"E02000891","Tower Hamlets 028",-0.007135,51.505285
"E02000894","Tower Hamlets 031",-0.020318,51.490031
"E02000908","Waltham Forest 014",-0.037066,51.588676
"E02000910","Waltham Forest 016",-0.018307,51.581526
"E02000911","Waltham Forest 017",-0.030893,51.581522
"E02000914","Waltham Forest 020",-0.013572,51.573919
"E02000921","Waltham Forest 027",0.001795,51.556113
"E02000922","Waltham Forest 028",0.011685,51.555638
"E02000924","Wandsworth 002",-0.145461,51.475693
"E02000926","Wandsworth 004",-0.173309,51.472146
"E02000930","Wandsworth 008",-0.165557,51.465110
"E02000932","Wandsworth 010",-0.205168,51.460948
"E02000934","Wandsworth 012",-0.178769,51.460514
"E02000938","Wandsworth 016",-0.232271,51.454363
"E02000941","Wandsworth 019",-0.185014,51.451150
"E02000948","Wandsworth 026",-0.146748,51.441451
"E02000957","Wandsworth 035",-0.164663,51.424215
"E02000961","Westminster 002",-0.184609,51.533508
"E02000962","Westminster 003",-0.175577,51.528961
"E02000963","Westminster 004",-0.208410,51.529216
"E02000964","Westminster 005",-0.200776,51.527552
"E02000966","Westminster 007",-0.183358,51.525467
"E02000967","Westminster 008",-0.159502,51.523243
"E02000968","Westminster 009",-0.170383,51.523665
"E02000969","Westminster 010",-0.194007,51.521558
"E02000970","Westminster 011",-0.151022,51.518703
"E02000971","Westminster 012",-0.162352,51.518332
"E02000972","Westminster 013",-0.140063,51.518458
"E02000973","Westminster 014",-0.194474,51.517051
"E02000974","Westminster 015",-0.169072,51.515749
"E02000975","Westminster 016",-0.180018,51.514138
"E02000976","Westminster 017",-0.187929,51.513820
"E02000978","Westminster 019",-0.163563,51.499700
"E02000979","Westminster 020",-0.134744,51.496251
"E02000980","Westminster 021",-0.132095,51.492306
"E02000981","Westminster 022",-0.141297,51.489925
"E02000983","Westminster 024",-0.136700,51.486777
"E02001017","Bolton 034",-2.372421,53.541173
"E02001052","Manchester 008",-2.237541,53.510866
"E02001057","Manchester 013",-2.216837,53.484191
"E02001059","Manchester 015",-2.191064,53.479983
"E02001062","Manchester 018",-2.222867,53.467317
"E02001063","Manchester 019",-2.244018,53.464831
"E02001066","Manchester 022",-2.211552,53.457783
"E02001069","Manchester 025",-2.231483,53.453395
"E02001070","Manchester 026",-2.215486,53.452490
"E02001071","Manchester 027",-2.190918,53.450824
"E02001074","Manchester 030",-2.243230,53.445633
"E02001076","Manchester 032",-2.217454,53.442806
"E02001080","Manchester 036",-2.215241,53.436769
"E02001141","Rochdale 010",-2.164352,53.617565
"E02001143","Rochdale 012",-2.139486,53.609013
"E02001148","Rochdale 017",-2.180135,53.592833
"E02001149","Rochdale 018",-2.224698,53.591437
"E02001153","Rochdale 022",-2.214481,53.557758
"E02001169","Salford 013",-2.415572,53.505121
"E02001172","Salford 016",-2.258682,53.503325
"E02001176","Salford 020",-2.342291,53.489470
"E02001177","Salford 021",-2.314265,53.488397
"E02001178","Salford 022",-2.258493,53.487065
"E02001184","Salford 028",-2.279745,53.473723
"E02001248","Tameside 020",-2.075366,53.461443
"E02001259","Trafford 001",-2.265019,53.460651
"E02001289","Wigan 003",-2.692869,53.572995
"E02001304","Wigan 018",-2.708399,53.531798
"E02001307","Wigan 021",-2.668714,53.521780
"E02001377","Liverpool 031",-2.958256,53.405946
"E02001383","Liverpool 037",-2.968048,53.397300
"E02001384","Liverpool 038",-2.931387,53.394122
"E02001394","Liverpool 048",-2.930537,53.379962
"E02001420","St. Helens 015",-2.624059,53.450426
"E02001421","St. Helens 016",-2.759901,53.449666
"E02001424","St. Helens 019",-2.752773,53.433180
"E02001425","St. Helens 020",-2.715524,53.429895
"E02001437","Sefton 009",-3.018563,53.632949
"E02001518","Barnsley 010",-1.485730,53.563280
"E02001520","Barnsley 012",-1.510532,53.559699
"E02001521","Barnsley 013",-1.488680,53.550268
"E02001528","Barnsley 020",-1.374957,53.537521
"E02001532","Barnsley 024",-1.631460,53.522848
"E02001540","Doncaster 002",-1.158553,53.616392
"E02001541","Doncaster 003",-0.959365,53.610871
"E02001557","Doncaster 019",-1.116945,53.526070
"E02001560","Doncaster 022",-1.130032,53.518300
"E02001578","Rotherham 001",-1.369936,53.506772
"E02001600","Rotherham 023",-1.338443,53.417307
"E02001613","Sheffield 003",-1.491029,53.470162
"E02001614","Sheffield 004",-1.472362,53.463025
"E02001632","Sheffield 022",-1.455827,53.397890
"E02001636","Sheffield 026",-1.487905,53.389259
"E02001646","Sheffield 036",-1.496638,53.371687
"E02001648","Sheffield 038",-1.520940,53.370492
"E02001650","Sheffield 040",-1.481049,53.369373
"E02001652","Sheffield 042",-1.472198,53.368057
"E02001660","Sheffield 050",-1.487973,53.358535
"E02001678","Sheffield 068",-1.535838,53.324501
"E02001700","Gateshead 019",-1.657840,54.934654
"E02001708","Newcastle upon Tyne 001",-1.662832,55.020686
"E02001715","Newcastle upon Tyne 008",-1.652886,55.000654
"E02001720","Newcastle upon Tyne 013",-1.606589,54.993414
"E02001721","Newcastle upon Tyne 014",-1.748891,54.992551
"E02001724","Newcastle upon Tyne 017",-1.599391,54.986453
"E02001725","Newcastle upon Tyne 018",-1.576717,54.984849
"E02001726","Newcastle upon Tyne 019",-1.669270,54.983446
"E02001729","Newcastle upon Tyne 022",-1.640273,54.977612
"E02001730","Newcastle upon Tyne 023",-1.597528,54.977335
"E02001731","Newcastle upon Tyne 024",-1.624399,54.974275
"E02001733","Newcastle upon Tyne 026",-1.570704,54.974206
"E02001736","Newcastle upon Tyne 029",-1.649808,54.971736
"E02001796","Sunderland 006",-1.374720,54.919706
"E02001803","Sunderland 013",-1.388392,54.902917
"E02001812","Sunderland 022",-1.393284,54.890773
"E02001857","Birmingham 031",-1.845519,52.514974
"E02001865","Birmingham 039",-1.932934,52.504726
"E02001870","Birmingham 044",-1.826999,52.495440
"E02001873","Birmingham 047",-1.931106,52.495924
"E02001876","Birmingham 050",-1.892107,52.487938
"E02001890","Birmingham 064",-1.940859,52.473022
"E02001905","Birmingham 079",-1.924851,52.458737
"E02001915","Birmingham 089",-1.816920,52.450060
"E02001922","Birmingham 096",-1.931587,52.442522
"E02001972","Coventry 015",-1.495442,52.423971
"E02001977","Coventry 020",-1.517283,52.416942
"E02001981","Coventry 024",-1.495188,52.414053
"E02001984","Coventry 027",-1.474251,52.406653
"E02001985","Coventry 028",-1.493108,52.405630
"E02001988","Coventry 031",-1.516724,52.404865
"E02001995","Coventry 038",-1.483759,52.389254
"E02001999","Coventry 042",-1.548336,52.371007
"E02002052","Sandwell 010",-1.996193,52.538737
"E02002058","Sandwell 016",-2.042552,52.527321
"E02002059","Sandwell 017",-1.993733,52.526474
"E02002064","Sandwell 022",-2.045123,52.504089
"E02002065","Sandwell 023",-1.979743,52.498486
"E02002068","Sandwell 026",-1.956758,52.488951
"E02002076","Sandwell 034",-1.974423,52.476756
"E02002096","Solihull 016",-1.779538,52.422136
"E02002109","Solihull 029",-1.830700,52.382942
"E02002139","Walsall 030",-1.979322,52.578659
"E02002148","Walsall 039",-1.908706,52.558309
"E02002163","Wolverhampton 015",-2.105038,52.596127
"E02002168","Wolverhampton 020",-2.141154,52.579197
"E02002184","Bradford 002",-1.818504,53.925970
"E02002186","Bradford 004",-1.941540,53.911533
"E02002190","Bradford 008",-1.900718,53.870017
"E02002201","Bradford 019",-1.729013,53.833054
"E02002204","Bradford 022",-1.840421,53.829129
"E02002205","Bradford 023",-1.947853,53.829897
"E02002221","Bradford 039",-1.746911,53.798075
"E02002226","Bradford 044",-1.774916,53.787876
"E02002231","Bradford 049",-1.800953,53.780201
"E02002239","Bradford 057",-1.724344,53.766594
"E02002240","Bradford 058",-1.850869,53.766602
"E02002241","Bradford 059",-1.790780,53.759915
"E02002268","Calderdale 025",-1.839340,53.682763
"E02002281","Kirklees 011",-1.668620,53.710923
"E02002312","Kirklees 042",-1.774204,53.637671
"E02002329","Kirklees 059",-1.769203,53.570113
"E02002373","Leeds 044",-1.582553,53.818981
"E02002384","Leeds 055",-1.546458,53.809511
"E02002392","Leeds 063",-1.562346,53.803404
"E02002404","Leeds 075",-1.521694,53.793074
"E02002461","Wakefield 024",-1.384205,53.685171
"E02002471","Wakefield 034",-1.332992,53.644152
"E02002496","Middlesbrough 001",-1.229567,54.569890
"E02002518","Redcar and Cleveland 004",-1.051418,54.603981
"E02002520","Redcar and Cleveland 006",-1.025337,54.590176
"E02002548","Stockton-on-Tees 014",-1.318994,54.560208
"E02002557","Stockton-on-Tees 023",-1.322334,54.517321
"E02002558","Stockton-on-Tees 024",-1.349242,54.499009
"E02002585","Halton 012",-2.739298,53.335770
"E02002599","Warrington 010",-2.629342,53.402388
"E02002606","Warrington 017",-2.582139,53.389944
"E02002607","Warrington 018",-2.600689,53.386347
"E02002610","Warrington 021",-2.474728,53.381458
"E02002652","Kingston upon Hull 001",-0.338671,53.801100
"E02002680","Kingston upon Hull 029",-0.346791,53.742503
"E02002684","East Riding of Yorkshire 001",-0.192375,54.103361
"E02002694","East Riding of Yorkshire 011",-0.778177,53.931514
"E02002702","East Riding of Yorkshire 019",-0.422053,53.840682
"E02002715","East Riding of Yorkshire 032",-0.564759,53.730372
"E02002726","North East Lincolnshire 001",-0.215114,53.614489
"E02002749","North Lincolnshire 001",-0.442723,53.683695
"E02002781","York 010",-1.072660,53.969302
"E02002783","York 012",-1.128326,53.963086
"E02002784","York 013",-1.081224,53.958340
"E02002786","York 015",-1.053581,53.956849
"E02002790","York 019",-1.074220,53.948408
"E02002794","York 023",-1.053462,53.941882
"E02002808","Derby 013",-1.489367,52.917556
"E02002813","Derby 018",-1.472273,52.908213
"E02002821","Derby 026",-1.454806,52.893688
"E02002834","Leicester 008",-1.148117,52.650162
"E02002835","Leicester 009",-1.068699,52.655462
"E02002843","Leicester 017",-1.106738,52.638754
"E02002848","Leicester 022",-1.111565,52.629513
"E02002849","Leicester 023",-1.151965,52.629287
"E02002853","Leicester 027",-1.103180,52.623417
"E02002856","Leicester 030",-1.117039,52.615978
"E02002889","Nottingham 022",-1.160545,52.959953
"E02002890","Nottingham 023",-1.144380,52.959073
"E02002893","Nottingham 026",-1.177826,52.957772
"E02002898","Nottingham 031",-1.174737,52.947233
"E02002899","Nottingham 032",-1.203810,52.939556
"E02002909","Herefordshire 005",-2.512374,52.187505
"E02002916","Herefordshire 012",-2.711488,52.059090
"E02002923","Herefordshire 019",-2.428804,52.036542
"E02002925","Herefordshire 021",-2.735287,51.989470
"E02002926","Herefordshire 022",-2.582204,51.914586
"E02002927","Herefordshire 023",-2.591631,51.898436
"E02002937","Telford and Wrekin 010",-2.544423,52.711352
"E02002941","Telford and Wrekin 014",-2.462297,52.692876
"E02002943","Telford and Wrekin 016",-2.474696,52.676456
"E02002966","Stoke-on-Trent 016",-2.175757,53.012489
"E02002991","Bath and North East Somerset 007",-2.361592,51.387905
"E02002994","Bath and North East Somerset 010",-2.321244,51.394974
"E02002996","Bath and North East Somerset 012",-2.350453,51.378264
"E02003012","Bristol 001",-2.620677,51.509792
"E02003013","Bristol 002",-2.599288,51.503951
"E02003027","Bristol 016",-2.588187,51.479882
"E02003031","Bristol 020",-2.591569,51.471970
"E02003033","Bristol 022",-2.606330,51.466743
"E02003034","Bristol 023",-2.583025,51.465836
"E02003036","Bristol 025",-2.594415,51.463845
"E02003037","Bristol 026",-2.613806,51.462837
"E02003040","Bristol 029",-2.554670,51.459112
"E02003043","Bristol 032",-2.600880,51.454101
"E02003047","Bristol 036",-2.609640,51.442897
"E02003050","Bristol 039",-2.602832,51.437285
"E02003060","Bristol 049",-2.549022,51.415394
"E02003065","North Somerset 001",-2.770014,51.486355
"E02003070","North Somerset 006",-2.692541,51.439649
"E02003082","North Somerset 018",-2.976125,51.353195
"E02003084","North Somerset 020",-2.969255,51.346805
"E02003087","North Somerset 023",-2.914352,51.330503
"E02003100","South Gloucestershire 011",-2.579405,51.533472
"E02003101","South Gloucestershire 012",-2.551518,51.533111
"E02003106","South Gloucestershire 017",-2.539525,51.507640
"E02003107","South Gloucestershire 018",-2.569750,51.507227
"E02003108","South Gloucestershire 019",-2.455605,51.490183
"E02003110","South Gloucestershire 021",-2.480625,51.491594
"E02003113","South Gloucestershire 024",-2.385559,51.476209
"E02003118","South Gloucestershire 029",-2.490088,51.453969
"E02003119","South Gloucestershire 030",-2.475510,51.447177
"E02003121","South Gloucestershire 032",-2.486702,51.438751
"E02003148","Plymouth 027",-4.135497,50.373143
"E02003150","Plymouth 029",-4.154136,50.371675
"E02003152","Plymouth 031",-4.103326,50.357720
"E02003156","Torbay 003",-3.559930,50.483921
"E02003166","Torbay 013",-3.588607,50.438248
"E02003167","Torbay 014",-3.567141,50.434708
"E02003170","Torbay 017",-3.516505,50.394646
"E02003188","Bournemouth 017",-1.874301,50.726020
"E02003190","Bournemouth 019",-1.842652,50.725334
"E02003192","Bournemouth 021",-1.858339,50.724239
"E02003196","Poole 003",-1.999133,50.759532
"E02003201","Poole 008",-1.942704,50.736613
"E02003208","Poole 015",-1.978310,50.717489
"E02003220","Swindon 009",-1.745818,51.578713
"E02003223","Swindon 012",-1.801347,51.566259
"E02003236","Swindon 025",-1.789072,51.524984
"E02003248","Peterborough 012",-0.243144,52.588914
"E02003249","Peterborough 013",-0.218280,52.586466
"E02003250","Peterborough 014",-0.240636,52.579679
"E02003252","Peterborough 016",-0.256802,52.568032
"E02003255","Peterborough 019",-0.215708,52.552746
"E02003263","Luton 006",-0.444638,51.904984
"E02003267","Luton 010",-0.432448,51.895614
"E02003275","Luton 018",-0.413459,51.883850
"E02003278","Luton 021",-0.416106,51.872628
"E02003280","Southend-on-Sea 002",0.691215,51.563212
"E02003282","Southend-on-Sea 004",0.691342,51.554854
"E02003283","Southend-on-Sea 005",0.665439,51.553278
"E02003284","Southend-on-Sea 006",0.727983,51.547783
"E02003285","Southend-on-Sea 007",0.687919,51.547944
"E02003288","Southend-on-Sea 010",0.708878,51.545006
"E02003289","Southend-on-Sea 011",0.658569,51.543820
"E02003290","Southend-on-Sea 012",0.681903,51.540824
"E02003291","Southend-on-Sea 013",0.790732,51.538104
"E02003292","Southend-on-Sea 014",0.725496,51.537561
"E02003293","Southend-on-Sea 015",0.701809,51.537696
"E02003301","Thurrock 006",0.292243,51.517099
"E02003310","Thurrock 015",0.252849,51.482060
"E02003313","Thurrock 018",0.365556,51.463976
"E02003316","Medway 003",0.556063,51.425440
"E02003353","Bracknell Forest 002",-0.781403,51.426099
"E02003358","Bracknell Forest 007",-0.754594,51.405891
"E02003360","Bracknell Forest 009",-0.773865,51.398711
"E02003385","West Berkshire 019",-1.315833,51.396870
"E02003398","Reading 010",-0.947417,51.454441
"E02003399","Reading 011",-0.975890,51.452985
"E02003402","Reading 014",-0.965814,51.446026
"E02003405","Reading 017",-0.964292,51.431239
"E02003413","Slough 007",-0.587660,51.514846
"E02003414","Slough 008",-0.625849,51.509670
"E02003415","Slough 009",-0.604638,51.508224
"E02003417","Slough 011",-0.583057,51.504323
"E02003422","Windsor and Maidenhead 002",-0.742677,51.549845
"E02003425","Windsor and Maidenhead 005",-0.724307,51.525422
"E02003438","Windsor and Maidenhead 018",-0.649234,51.397629
"E02003446","Wokingham 008",-0.924112,51.431956
"E02003450","Wokingham 012",-0.944547,51.420380
"E02003460","Milton Keynes 002",-0.778904,52.103734
"E02003475","Milton Keynes 017",-0.696473,52.038878
"E02003477","Milton Keynes 019",-0.805674,52.022556
"E02003492","Brighton and Hove 002",-0.103138,50.859376
"E02003505","Brighton and Hove 015",-0.129978,50.834915
"E02003508","Brighton and Hove 018",-0.119752,50.832808
"E02003512","Brighton and Hove 022",-0.127406,50.830350
"E02003514","Brighton and Hove 024",-0.147144,50.829667
"E02003516","Brighton and Hove 026",-0.165472,50.827609
"E02003517","Brighton and Hove 027",-0.140970,50.827087
"E02003519","Brighton and Hove 029",-0.155774,50.824345
"E02003520","Brighton and Hove 030",-0.131042,50.822854
"E02003523","Brighton and Hove 033",-0.045560,50.807378
"E02003538","Portsmouth 015",-1.073123,50.801875
"E02003539","Portsmouth 016",-1.089130,50.799717
"E02003541","Portsmouth 018",-1.087100,50.793190
"E02003547","Portsmouth 024",-1.096351,50.788784
"E02003570","Southampton 022",-1.395020,50.911389
"E02003571","Southampton 023",-1.410339,50.912600
"E02003577","Southampton 029",-1.396485,50.900417
"E02003592","Isle of Wight 012",-1.526381,50.683911
"E02003603","Central Bedfordshire 005",-0.261636,52.088330
"E02003604","Central Bedfordshire 006",-0.250349,52.083208
"E02003607","Central Bedfordshire 009",-0.553121,52.058766
"E02003608","Central Bedfordshire 010",-0.267231,52.024139
"E02003609","Central Bedfordshire 011",-0.337756,52.034956
"E02003612","Central Bedfordshire 014",-0.231551,52.014113
"E02003619","Bedford 004",-0.388366,52.163169
"E02003623","Bedford 008",-0.528482,52.144446
"E02003627","Bedford 012",-0.460315,52.136931
"E02003630","Bedford 015",-0.467221,52.123480
"E02003634","Bedford 019",-0.444464,52.104534
"E02003637","Central Bedfordshire 019",-0.540924,51.942831
"E02003643","Central Bedfordshire 024",-0.645393,51.911197
"E02003647","Central Bedfordshire 029",-0.526052,51.886088
"E02003660","Aylesbury Vale 009",-0.639701,51.837796
"E02003663","Aylesbury Vale 012",-0.839230,51.827310
"E02003672","Aylesbury Vale 021",-0.752618,51.792929
"E02003688","South Bucks 001",-0.646081,51.607317
"E02003695","South Bucks 008",-0.515008,51.525018
"E02003701","Wycombe 006",-0.768585,51.641478
"E02003710","Wycombe 015",-0.762870,51.625277
"E02003723","Cambridge 005",0.109743,52.213498
"E02003725","Cambridge 007",0.116455,52.202866
"E02003730","Cambridge 012",0.124190,52.187080
"E02003734","East Cambridgeshire 003",0.266337,52.406218
"E02003737","East Cambridgeshire 006",0.335114,52.337105
"E02003743","Fenland 002",0.168549,52.673641
"E02003744","Fenland 003",0.165444,52.661110
"E02003745","Fenland 004",0.110971,52.634516
"E02003747","Fenland 006",-0.127906,52.558421
"E02003752","Fenland 011",0.048993,52.453841
"E02003753","Huntingdonshire 001",-0.254199,52.519118
"E02003764","Huntingdonshire 012",-0.194818,52.335459
"E02003773","Huntingdonshire 021",-0.264277,52.218379
"E02003780","South Cambridgeshire 006",0.110070,52.247545
"E02003797","Cheshire West and Chester 028",-2.888644,53.208192
"E02003803","Cheshire West and Chester 034",-2.898929,53.195934
"E02003822","Cheshire East 033",-2.286021,53.113351
"E02003837","Cheshire East 049",-2.502104,53.061262
"E02003840","Cheshire East 051",-2.593202,53.032948
"E02003856","Cheshire East 004",-2.213517,53.345060
"E02003859","Cheshire East 007",-2.342664,53.316786
"E02003870","Cheshire East 018",-2.131047,53.254993
"E02003872","Cheshire East 020",-2.137982,53.239282
"E02003883","Cheshire West and Chester 023",-2.529790,53.244009
"E02003909","Cornwall 043",-5.087716,50.262499
"E02003927","Cornwall 066",-5.131066,50.154636
"E02003928","Cornwall 071",-5.270109,50.103578
"E02003930","Cornwall 073",-5.208710,50.034591
"E02003931","Cornwall 001",-4.535424,50.828959
"E02003935","Cornwall 005",-4.359906,50.636099
"E02003944","Cornwall 057",-5.411416,50.188763
"E02003953","Cornwall 019",-4.944143,50.424299
"E02003957","Cornwall 027",-4.764949,50.387797
"E02003963","Cornwall 039",-4.779025,50.339282
"E02003965","Allerdale 001",-3.173373,54.826794
"E02003990","Carlisle 004",-2.922743,54.908915
"E02003999","Carlisle 013",-2.933491,54.865794
"E02004003","Copeland 004",-3.512205,54.524703
"E02004011","Eden 004",-2.749038,54.666205
"E02004013","Eden 006",-2.545086,54.589188
"E02004036","Amber Valley 008",-1.389480,53.041383
"E02004051","Bolsover 007",-1.218419,53.201103
"E02004066","Chesterfield 012",-1.410874,53.223452
"E02004095","High Peak 003",-1.948029,53.441365
"E02004119","South Derbyshire 002",-1.629067,52.870268
"E02004128","South Derbyshire 011",-1.591436,52.745250
"E02004134","East Devon 006",-3.443436,50.761778
"E02004149","Exeter 001",-3.526072,50.739052
"E02004152","Exeter 004",-3.523700,50.730602
"E02004156","Exeter 008",-3.532578,50.724289
"E02004159","Exeter 011",-3.484108,50.715761
"E02004187","North Devon 013",-3.838696,51.017387
"E02004193","South Hams 005",-3.922956,50.389715
"E02004223","Torridge 004",-4.202676,51.014004
"E02004227","Torridge 008",-4.364014,50.827028
"E02004233","West Devon 005",-4.145318,50.545404
"E02004253","East Dorset 011",-1.892485,50.791155
"E02004258","North Dorset 004",-2.318270,50.940040
"E02004261","North Dorset 007",-2.158768,50.861797
"E02004268","Purbeck 006",-1.966022,50.609463
"E02004271","West Dorset 003",-2.733962,50.813842
"E02004272","West Dorset 004",-2.452128,50.756219
"E02004277","West Dorset 009",-2.449647,50.711849
"E02004284","Weymouth and Portland 004",-2.454882,50.613076
"E02004298","County Durham 003",-1.845411,54.872644
"E02004303","County Durham 010",-1.831503,54.855937
"E02004314","County Durham 030",-1.574444,54.772460
"E02004315","County Durham 033",-1.593077,54.771491
"E02004340","County Durham 059",-1.643724,54.631186
"E02004345","County Durham 064",-1.788826,54.613399
"E02004369","Hastings 002",0.576387,50.874059
"E02004377","Hastings 010",0.539551,50.856204
"E02004381","Lewes 003",0.008308,50.877522
"E02004389","Lewes 011",0.099463,50.780798
"E02004400","Rother 009",0.438100,50.845471
"E02004402","Rother 011",0.474233,50.840473
"E02004420","Wealden 018",0.236270,50.870390
"E02004422","Wealden 020",0.316621,50.817079
"E02004459","Braintree 014",0.700506,51.851541
"E02004462","Braintree 017",0.636406,51.796158
"E02004468","Brentwood 005",0.331485,51.629433
"E02004470","Brentwood 007",0.298272,51.615007
"E02004493","Chelmsford 009",0.455641,51.736052
"E02004494","Chelmsford 010",0.470558,51.732826
"E02004509","Colchester 004",0.895222,51.908478
"E02004512","Colchester 007",0.900500,51.892456
"E02004513","Colchester 008",0.936621,51.887764
"E02004516","Colchester 011",0.912195,51.882697
"E02004522","Colchester 017",0.958535,51.865135
"E02004541","Epping Forest 015",0.042257,51.626522
"E02004561","Maldon 007",0.731587,51.674494
"E02004565","Rochford 003",0.659572,51.602292
"E02004575","Tendring 003",1.065268,51.940883
"E02004580","Tendring 008",1.238588,51.842084
"E02004592","Uttlesford 002",0.245974,52.018905
"E02004595","Uttlesford 005",0.198303,51.906562
"E02004598","Uttlesford 008",0.414622,51.861447
"E02004608","Cheltenham 009",-2.081424,51.895696
"E02004611","Cheltenham 012",-2.050532,51.886875
"E02004616","Cotswold 002",-1.703178,51.975729
"E02004626","Forest of Dean 001",-2.355038,51.928024
"E02004629","Forest of Dean 004",-2.499191,51.820560
"E02004632","Forest of Dean 007",-2.611146,51.795278
"E02004634","Forest of Dean 009",-2.528017,51.727122
"E02004639","Gloucester 004",-2.249981,51.860312
"E02004642","Gloucester 007",-2.211269,51.851370
"E02004650","Gloucester 015",-2.276078,51.822824
"E02004654","Stroud 004",-2.245942,51.748083
"E02004656","Stroud 006",-2.208938,51.746105
"E02004666","Tewkesbury 001",-2.122324,51.999119
"E02004667","Tewkesbury 002",-2.153432,51.993455
"E02004670","Tewkesbury 005",-2.060971,51.945761
"E02004672","Tewkesbury 007",-2.184564,51.885428
"E02004674","Tewkesbury 009",-2.158926,51.846174
"E02004681","Basingstoke and Deane 007",-1.085464,51.283868
"E02004699","East Hampshire 003",-0.980581,51.148008
"E02004703","East Hampshire 007",-1.047359,51.110703
"E02004707","East Hampshire 011",-0.937175,51.010952
"E02004717","Eastleigh 006",-1.369943,50.965122
"E02004719","Eastleigh 008",-1.299216,50.962858
"E02004720","Eastleigh 009",-1.341098,50.929433
"E02004734","Fareham 008",-1.175269,50.851096
"E02004746","Gosport 006",-1.193927,50.801316
"E02004753","Hart 003",-0.789346,51.333417
"E02004755","Hart 005",-0.844872,51.289915
"E02004774","Havant 013",-0.941782,50.852809
"E02004775","Havant 014",-0.975091,50.853080
"E02004779","New Forest 001",-1.794042,50.932145
"E02004789","New Forest 011",-1.402375,50.854692
"E02004796","New Forest 018",-1.626103,50.758798
"E02004808","Rushmoor 007",-0.745475,51.278255
"E02004816","Test Valley 003",-1.467074,51.211484
"E02004818","Test Valley 005",-1.508861,51.206317
"E02004825","Test Valley 012",-1.446305,50.979124
"E02004835","Winchester 007",-1.317451,51.063278
"E02004841","Winchester 013",-1.218889,50.895676
"E02004842","Winchester 014",-1.068044,50.900181
"E02004870","Dacorum 015",-0.462931,51.753081
"E02004873","Dacorum 018",-0.482942,51.746067
"E02004884","East Hertfordshire 007",0.152978,51.862608
"E02004889","East Hertfordshire 012",-0.024082,51.814657
"E02004910","North Hertfordshire 002",-0.017969,52.049109
"E02004912","North Hertfordshire 004",-0.185248,51.986523
"E02004913","North Hertfordshire 005",-0.165136,51.942672
"E02004920","North Hertfordshire 012",-0.286715,51.952120
"E02004923","North Hertfordshire 015",-0.219563,51.855619
"E02004945","Stevenage 002",-0.201438,51.916831
"E02004989","Welwyn Hatfield 010",-0.241423,51.764192
"E02004992","Welwyn Hatfield 013",-0.232261,51.749073
"E02004999","Ashford 004",0.864123,51.156107
"E02005000","Ashford 005",0.874053,51.141679
"E02005004","Ashford 009",0.873087,51.123371
"E02005021","Canterbury 012",1.057260,51.295464
"E02005023","Canterbury 014",1.095086,51.283856
"E02005025","Canterbury 016",1.090129,51.272833
"E02005028","Dartford 001",0.230382,51.454935
"E02005029","Dartford 002",0.285035,51.447371
"E02005030","Dartford 003",0.208330,51.447789
"E02005051","Dover 011",1.296879,51.137512
"E02005056","Gravesham 002",0.366683,51.440120
"E02005057","Gravesham 003",0.390737,51.436691
"E02005071","Maidstone 004",0.523407,51.280943
"E02005073","Maidstone 006",0.511293,51.269970
"E02005075","Maidstone 008",0.487467,51.268177
"E02005080","Maidstone 013",0.552732,51.246768
"E02005082","Maidstone 015",0.573927,51.238560
"E02005107","Shepway 006",1.151620,51.085400
"E02005118","Swale 004",0.790567,51.418199
"E02005121","Swale 007",0.738232,51.361809
"E02005123","Swale 009",0.718937,51.348219
"E02005129","Swale 015",0.895033,51.313991
"E02005132","Thanet 001",1.394421,51.389263
"E02005149","Tonbridge and Malling 001",0.490714,51.327386
"E02005150","Tonbridge and Malling 002",0.439377,51.328413
"E02005151","Tonbridge and Malling 003",0.435168,51.303426
"E02005154","Tonbridge and Malling 006",0.306415,51.291149
"E02005155","Tonbridge and Malling 007",0.403824,51.269205
"E02005160","Tonbridge and Malling 012",0.276860,51.196144
"E02005162","Tunbridge Wells 001",0.384583,51.178330
"E02005196","Chorley 008",-2.645765,53.661068
"E02005202","Chorley 014",-2.602217,53.617844
"E02005204","Fylde 002",-2.882900,53.785349
"E02005208","Fylde 006",-3.027639,53.753680
"E02005210","Fylde 008",-2.997763,53.744197
"E02005212","Hyndburn 001",-2.405867,53.786034
"E02005213","Hyndburn 002",-2.380755,53.775088
"E02005215","Hyndburn 004",-2.359747,53.758291
"E02005217","Hyndburn 006",-2.376774,53.749043
"E02005221","Lancaster 001",-2.771140,54.130348
"E02005236","Lancaster 016",-2.890965,54.043802
"E02005237","Lancaster 017",-2.809799,54.043288
"E02005239","Lancaster 019",-2.788638,54.004825
"E02005264","Preston 012",-2.717453,53.769825
"E02005265","Preston 013",-2.752583,53.767614
"E02005269","Preston 017",-2.704276,53.755764
"E02005280","Rossendale 003",-2.195359,53.702935
"E02005322","Wyre 004",-2.969127,53.917613
"E02005338","Blaby 006",-1.194577,52.584913
"E02005346","Charnwood 002",-1.202244,52.775374
"E02005347","Charnwood 003",-1.218257,52.773530
"E02005351","Charnwood 007",-1.235059,52.765512
"E02005353","Charnwood 009",-1.204198,52.759232
"E02005354","Charnwood 010",-1.221640,52.754242
"E02005358","Charnwood 014",-1.140560,52.720392
"E02005365","Charnwood 021",-1.092306,52.676260
"E02005369","Harborough 003",-1.002043,52.544186
"E02005371","Harborough 005",-1.041942,52.529483
"E02005373","Harborough 007",-0.932006,52.481189
"E02005376","Harborough 010",-1.207589,52.458336
"E02005382","Hinckley and Bosworth 006",-1.314831,52.574171
"E02005407","North West Leicestershire 011",-1.369374,52.715689
"E02005409","North West Leicestershire 013",-1.396814,52.691416
"E02005418","Boston 002",-0.037831,52.981199
"E02005424","East Lindsey 001",-0.046100,53.491724
"E02005439","East Lindsey 016",-0.183910,53.110260
"E02005444","Lincoln 003",-0.541242,53.239884
"E02005445","Lincoln 004",-0.524294,53.235081
"E02005446","Lincoln 005",-0.548900,53.231464
"E02005452","Lincoln 011",-0.563740,53.196304
"E02005453","North Kesteven 001",-0.482826,53.209488
"E02005455","North Kesteven 003",-0.648040,53.175724
"E02005456","North Kesteven 004",-0.539431,53.177741
"E02005470","South Holland 006",-0.159127,52.791204
"E02005473","South Holland 009",-0.168437,52.781071
"E02005481","South Kesteven 006",-0.640044,52.904837
"E02005491","South Kesteven 016",-0.495317,52.654378
"E02005493","West Lindsey 002",-0.719989,53.450861
"E02005494","West Lindsey 003",-0.334377,53.388086
"E02005495","West Lindsey 004",-0.778039,53.402675
"E02005507","Breckland 005",0.939288,52.669766
"E02005518","Breckland 016",0.761098,52.419001
"E02005525","Broadland 006",1.203323,52.684475
"E02005561","King's Lynn and West Norfolk 011",0.398183,52.748569
"E02005567","King's Lynn and West Norfolk 017",0.379617,52.604371
"E02005579","North Norfolk 010",1.390306,52.822048
"E02005584","Norwich 001",1.290697,52.653758
"E02005585","Norwich 002",1.278156,52.647055
"E02005588","Norwich 005",1.225033,52.637488
"E02005589","Norwich 006",1.250751,52.636029
"E02005590","Norwich 007",1.286726,52.633569
"E02005593","Norwich 010",1.249566,52.624432
"E02005594","Norwich 011",1.284954,52.621962
"E02005597","South Norfolk 001",1.216501,52.650140
"E02005602","South Norfolk 006",1.346503,52.569251
"E02005603","South Norfolk 007",1.124904,52.573172
"E02005605","South Norfolk 009",1.237051,52.553401
"E02005607","South Norfolk 011",1.207979,52.490248
"E02005611","South Norfolk 015",1.108052,52.377565
"E02005614","Corby 003",-0.674666,52.492288
"E02005617","Corby 006",-0.716369,52.481042
"E02005624","Daventry 006",-1.162582,52.272703
"E02005630","East Northamptonshire 002",-0.468919,52.483457
"E02005631","East Northamptonshire 003",-0.534788,52.398913
"E02005636","East Northamptonshire 008",-0.607764,52.292433
"E02005638","East Northamptonshire 010",-0.597515,52.280803
"E02005640","Kettering 002",-0.819950,52.443020
"E02005645","Kettering 007",-0.732682,52.397055
"E02005649","Kettering 011",-0.692710,52.364037
"E02005678","Northampton 029",-0.937569,52.224788
"E02005683","South Northamptonshire 003",-0.891960,52.167878
"E02005701","Wellingborough 010",-0.667262,52.258423
"E02005704","Northumberland 006",-1.593974,55.331891
"E02005708","Northumberland 003",-1.873721,55.579238
"E02005720","Northumberland 008",-1.592623,55.237722
"E02005730","Northumberland 035",-2.107061,54.969488
"E02005731","Northumberland 038",-1.850882,54.960934
"E02005740","Northumberland 020",-1.572845,55.137441
"E02005749","Craven 008",-1.992814,53.899719
"E02005753","Hambleton 004",-1.429237,54.338531
"E02005764","Harrogate 004",-1.523576,54.129988
"E02005775","Harrogate 015",-1.544053,53.994513
"E02005780","Harrogate 020",-1.551888,53.979442
"E02005785","Richmondshire 004",-1.715006,54.374684
"E02005789","Ryedale 002",-0.771342,54.243916
"E02005794","Ryedale 007",-0.905949,54.102122
"E02005808","Scarborough 014",-0.297821,54.206778
"E02005812","Selby 004",-1.250495,53.792962
"E02005813","Selby 005",-1.067461,53.783337
"E02005822","Ashfield 004",-1.249253,53.128524
"E02005824","Ashfield 006",-1.277512,53.121588
"E02005831","Ashfield 013",-1.196449,53.041260
"E02005835","Bassetlaw 001",-1.062596,53.419244
"E02005873","Gedling 009",-1.125446,52.991397
"E02005878","Gedling 014",-1.094442,52.965068
"E02005886","Mansfield 007",-1.157419,53.155741
"E02005887","Mansfield 008",-1.204613,53.145449
"E02005889","Mansfield 010",-1.221945,53.141905
"E02005892","Mansfield 013",-1.184236,53.131908
"E02005893","Newark and Sherwood 001",-1.005552,53.206744
"E02005894","Newark and Sherwood 002",-1.080261,53.185356
"E02005898","Newark and Sherwood 006",-1.110799,53.112540
"E02005899","Newark and Sherwood 007",-0.801580,53.080846
"E02005903","Newark and Sherwood 011",-0.784480,53.056679
"E02005924","Cherwell 004",-1.325291,52.064971
"E02005936","Cherwell 016",-1.196388,51.856089
"E02005945","Oxford 006",-1.220267,51.760626
"E02005947","Oxford 008",-1.256659,51.754856
"E02005950","Oxford 011",-1.235568,51.746925
"E02005952","Oxford 013",-1.209672,51.739273
"E02005979","Vale of White Horse 002",-1.283544,51.739548
"E02005980","Vale of White Horse 003",-1.300634,51.693507
"E02005983","Vale of White Horse 006",-1.286950,51.674030
"E02005991","Vale of White Horse 014",-1.426140,51.591945
"E02005992","Vale of White Horse 015",-1.300578,51.592918
"E02006000","West Oxfordshire 008",-1.473846,51.790636
"E02006002","West Oxfordshire 010",-1.493579,51.784231
"E02006010","Shropshire 029",-2.486999,52.608415
"E02006014","Shropshire 035",-2.399178,52.454059
"E02006015","Shropshire 001",-2.684223,52.967708
"E02006018","Shropshire 005",-2.494338,52.902864
"E02006024","Shropshire 006",-3.040363,52.860338
"E02006025","Shropshire 007",-3.058695,52.857407
"E02006034","Shropshire 020",-2.795323,52.709629
"E02006045","Shropshire 038",-2.709046,52.371244
"E02006062","Sedgemoor 002",-2.984023,51.252569
"E02006069","Sedgemoor 009",-3.005045,51.132216
"E02006074","Sedgemoor 014",-3.009168,51.094510
"E02006105","Taunton Deane 007",-3.103316,51.022887
"E02006111","Taunton Deane 013",-3.227344,50.975058
"E02006141","East Staffordshire 011",-1.641875,52.797823
"E02006149","Lichfield 004",-1.830170,52.689053
"E02006150","Lichfield 005",-1.811073,52.684978
"E02006152","Lichfield 007",-1.835501,52.679819
"E02006154","Lichfield 009",-1.914832,52.677637
"E02006169","Newcastle-under-Lyme 012",-2.277545,53.010345
"E02006174","South Staffordshire 001",-2.109813,52.722574
"E02006179","South Staffordshire 006",-2.110254,52.650601
"E02006186","South Staffordshire 013",-2.200430,52.532795
"E02006190","Stafford 003",-2.148552,52.902945
"E02006201","Stafford 014",-2.077504,52.787865
"E02006209","Staffordshire Moorlands 006",-2.036327,53.091072
"E02006230","Babergh 004",0.958819,52.047316
"E02006233","Babergh 007",0.733369,52.042423
"E02006236","Babergh 010",1.042510,51.981083
"E02006250","Ipswich 006",1.138136,52.063566
"E02006251","Ipswich 007",1.169536,52.056312
"E02006270","Mid Suffolk 010",1.007180,52.186663
"E02006286","St Edmundsbury 014",0.446407,52.081458
"E02006293","Suffolk Coastal 007",1.418500,52.107910
"E02006296","Suffolk Coastal 010",1.260776,52.061403
"E02006313","Waveney 012",1.718353,52.443529
"E02006355","Guildford 012",-0.605682,51.244138
"E02006356","Guildford 013",-0.568958,51.240520
"E02006358","Guildford 015",-0.589214,51.238248
"E02006384","Reigate and Banstead 010",-0.174850,51.244507
"E02006385","Reigate and Banstead 011",-0.161769,51.244149
"E02006394","Runnymede 002",-0.572725,51.427754
"E02006399","Runnymede 007",-0.497051,51.374139
"E02006401","Runnymede 009",-0.496121,51.366565
"E02006405","Spelthorne 003",-0.472835,51.434723
"E02006423","Surrey Heath 008",-0.754124,51.329514
"E02006431","Tandridge 004",-0.075771,51.283640
"E02006451","Waverley 013",-0.481776,51.142344
"E02006463","Woking 008",-0.566001,51.316238
"E02006468","North Warwickshire 001",-1.612423,52.620406
"E02006470","North Warwickshire 003",-1.542782,52.575756
"E02006473","North Warwickshire 006",-1.714326,52.505461
"E02006492","Rugby 001",-1.312172,52.427102
"E02006498","Rugby 007",-1.299134,52.366366
"E02006502","Rugby 011",-1.280929,52.358732
"E02006508","Stratford-on-Avon 005",-1.428210,52.225667
"E02006511","Stratford-on-Avon 008",-1.596902,52.195769
"E02006512","Stratford-on-Avon 009",-1.716238,52.201043
"E02006515","Stratford-on-Avon 012",-1.855820,52.167267
"E02006518","Stratford-on-Avon 015",-1.624706,52.059471
"E02006523","Warwick 005",-1.503066,52.312163
"E02006525","Warwick 007",-1.530331,52.298716
"E02006528","Warwick 010",-1.522084,52.284272
"E02006529","Warwick 011",-1.594387,52.282420
"E02006530","Warwick 012",-1.565330,52.281202
"E02006531","Warwick 013",-1.531507,52.279005
"E02006537","Adur 004",-0.245187,50.834906
"E02006544","Arun 003",-0.649041,50.837413
"E02006546","Arun 005",-0.483203,50.818494
"E02006558","Arun 017",-0.678748,50.784261
"E02006568","Chichester 008",-0.775033,50.843768
"E02006572","Chichester 012",-0.760408,50.829107
"E02006573","Chichester 013",-0.861052,50.769088
"E02006574","Chichester 014",-0.785962,50.732376
"E02006578","Crawley 004",-0.178194,51.119905
"E02006589","Horsham 002",-0.308835,51.081336
"E02006593","Horsham 006",-0.326141,51.064274
"E02006597","Horsham 010",-0.452343,51.019492
"E02006600","Horsham 013",-0.489108,50.938496
"E02006604","Mid Sussex 001",-0.013528,51.131739
"E02006611","Mid Sussex 008",-0.086212,51.009535
"E02006612","Mid Sussex 009",-0.106141,50.998357
"E02006614","Mid Sussex 011",-0.109067,50.995077
"E02006631","Worthing 011",-0.369962,50.813379
"E02006637","Wiltshire 025",-1.980526,51.350651
"E02006643","Wiltshire 041",-1.656332,51.240824
"E02006650","Wiltshire 007",-1.924563,51.527253
"E02006660","Wiltshire 018",-2.191924,51.428769
"E02006663","Wiltshire 048",-1.767828,51.169233
"E02006669","Wiltshire 054",-1.890878,51.078303
"E02006679","Wiltshire 021",-2.136984,51.364015
"E02006682","Wiltshire 027",-2.249803,51.346574
"E02006691","Wiltshire 040",-2.190690,51.260092
"E02006800","Redbridge 034",0.107810,51.562287
"E02006801","Lambeth 036",-0.111664,51.501124
"E02006810","Sandwell 039",-1.975933,52.543220
"E02006811","Middlesbrough 020",-1.186472,54.529551
"E02006820","Blaby 013",-1.198412,52.648121
"E02006833","Tonbridge and Malling 014",0.408063,51.295713
"E02006837","Epsom and Ewell 010",-0.242936,51.346719
"E02006840","Torbay 019",-3.553058,50.467788
"E02006841","Gateshead 027",-1.595024,54.959210
"E02006843","Sheffield 073",-1.475646,53.385925
"E02006844","Sheffield 074",-1.479931,53.378482
"E02006850","Leicester 040",-1.135771,52.627067
"E02006851","Leicester 041",-1.131054,52.633235
"E02006852","Leeds 109",-1.584328,53.830025
"E02006853","Tower Hamlets 032",-0.021538,51.497786
"E02006856","Canterbury 020",1.072445,51.281377
"E02006860","Oldham 035",-2.127497,53.532471
"E02006861","Leeds 110",-1.565307,53.816610
"E02006863","Corby 009",-0.706576,52.472017
"E02006868","Sheffield 075",-1.446921,53.377255
"E02006869","Sheffield 076",-1.397197,53.347234
"E02006870","Ryedale 008",-0.786708,54.132321
"E02006871","Lancaster 020",-2.829410,54.064097
"E02006872","High Peak 013",-1.902911,53.321688
"E02006875","Leeds 111",-1.545765,53.797815
"E02006882","Harrow 033",-0.313041,51.591043
"E02006884","Rossendale 010",-2.242261,53.695686
"E02006886","Vale of White Horse 016",-1.614263,51.607550
"E02006887","Bristol 054",-2.581896,51.455168
"E02006893","Newcastle upon Tyne 031",-1.707327,54.999557
"E02006894","Wolverhampton 035",-2.123426,52.572520
"E02006900","Birmingham 139",-1.850758,52.473500
"E02006901","Birmingham 140",-1.859257,52.449111
"E02006903","Bassetlaw 016",-1.111439,53.318931
"E02006904","Nottingham 039",-1.142842,52.949515
"E02006906","Broxtowe 016",-1.250611,52.985051
"E02006909","Hartlepool 014",-1.249416,54.680781
"E02006911","Oadby and Wigston 009",-1.069468,52.599738
"E02006912","Manchester 055",-2.232878,53.477113
"E02006914","Manchester 057",-2.243225,53.471187
"E02006919","South Derbyshire 012",-1.565068,52.763028
"E02006922","Colchester 022",0.929622,51.898354
"E02006924","Redbridge 035",0.058322,51.570611
"E02006925","Redbridge 036",0.053640,51.583598
"E02006928","Greenwich 035",-0.018499,51.481152
"E02006929","Greenwich 036",0.010141,51.488866
"E02006932","Liverpool 060",-2.977114,53.406368
"S02001623","Canongate, Southside and Dumbiedykes",-3.181234,55.947345
"S02001932","City Centre East",-4.244458,55.860751
"S02001936","Finnieston and Kelvinhaugh",-4.288280,55.866226
"W02000010","Gwynedd 001",-4.130395,53.227530
"W02000036","Conwy 010",-3.582503,53.285825
"W02000060","Flintshire 003",-3.206290,53.277361
"W02000070","Flintshire 013",-3.052186,53.185681
"W02000072","Flintshire 015",-2.974624,53.168074
"W02000127","Pembrokeshire 002",-4.976761,51.993431
"W02000167","Carmarthenshire 026",-4.159508,51.674073
"W02000172","Swansea 005",-4.045193,51.672621
"W02000183","Swansea 016",-3.941687,51.636268
"W02000191","Swansea 024",-3.968964,51.619393
"W02000192","Swansea 025",-3.946104,51.619936
"W02000193","Swansea 026",-3.963035,51.615239
"W02000202","Neath Port Talbot 004",-3.848450,51.719793
"W02000208","Neath Port Talbot 010",-3.847665,51.658261
"W02000226","Bridgend 009",-3.505286,51.525551
"W02000228","Bridgend 011",-3.572947,51.521183
"W02000234","Bridgend 017",-3.599409,51.503002
"W02000241","The Vale of Glamorgan 005",-3.175319,51.439328
"W02000244","The Vale of Glamorgan 008",-3.188865,51.424075
"W02000248","The Vale of Glamorgan 012",-3.262718,51.408772
"W02000250","The Vale of Glamorgan 014",-3.405527,51.403153
"W02000273","Rhondda Cynon Taf 022",-3.319335,51.590150
"W02000282","Rhondda Cynon Taf 031",-3.392154,51.521328
"W02000313","Caerphilly 024",-3.232310,51.570198
"W02000339","Monmouthshire 004",-2.719070,51.811446
"W02000359","Newport 013",-2.974528,51.583502
"W02000361","Newport 015",-2.952495,51.581741
"W02000391","Cardiff 025",-3.192923,51.500890
"W02000394","Cardiff 028",-3.181296,51.495873
"W02000398","Cardiff 032",-3.176973,51.489649
"W02000399","Cardiff 033",-3.165858,51.489868
"W02000402","Cardiff 036",-3.158039,51.485387
"W02000416","Powys 021",-3.753952,51.780717
"W02000417","Neath Port Talbot 020",-3.829323,51.777131
"W02000418","Carmarthenshire 027",-4.512654,51.817054
"W02000419","Denbighshire 017",-3.467082,53.315583
"W02000420","Wrexham 020",-2.961736,53.088693
"W02000421","Ceredigion 011",-3.977253,52.341435
"W02000422","Cardiff 048",-3.169069,51.462770
"W02000423","Cardiff 049",-3.171726,51.467024
